Date,Close,Volume
2010-04-20,1207.1700439453125,5316590000
2010-04-21,1205.93994140625,5724310000
2010-04-22,1208.6700439453125,6035780000
2010-04-23,1217.280029296875,5326060000
2010-04-26,1212.050048828125,5647760000
2010-04-27,1183.7099609375,7454540000
2010-04-28,1191.3599853515625,6342310000
2010-04-29,1206.780029296875,6059410000
2010-04-30,1186.68994140625,6048260000
2010-05-03,1202.260009765625,4938050000
2010-05-04,1173.5999755859375,6594720000
2010-05-05,1165.8699951171875,6795940000
2010-05-06,1128.1500244140625,10617810000
2010-05-07,1110.8800048828125,9472910000
2010-05-10,1159.72998046875,6893700000
2010-05-11,1155.7900390625,5842550000
2010-05-12,1171.6700439453125,5225460000
2010-05-13,1157.43994140625,4870640000
2010-05-14,1135.6800537109375,6126400000
2010-05-17,1136.93994140625,5922920000
2010-05-18,1120.800048828125,6170840000
2010-05-19,1115.050048828125,6765800000
2010-05-20,1071.5899658203125,8328570000
2010-05-21,1087.68994140625,5452130000
2010-05-24,1073.6500244140625,5224040000
2010-05-25,1074.030029296875,7329580000
2010-05-26,1067.949951171875,4521050000
2010-05-27,1103.06005859375,5698460000
2010-05-28,1089.4100341796875,4871210000
2010-06-01,1070.7099609375,5271480000
2010-06-02,1098.3800048828125,5026360000
2010-06-03,1102.8299560546875,4995970000
2010-06-04,1064.8800048828125,6180580000
2010-06-07,1050.469970703125,5467560000
2010-06-08,1062.0,6192750000
2010-06-09,1055.68994140625,5983200000
2010-06-10,1086.8399658203125,5144780000
2010-06-11,1091.5999755859375,4059280000
2010-06-14,1089.6300048828125,4425830000
2010-06-15,1115.22998046875,4644490000
2010-06-16,1114.6099853515625,5002600000
2010-06-17,1116.0400390625,4557760000
2010-06-18,1117.510009765625,4555360000
2010-06-21,1113.199951171875,4514360000
2010-06-22,1095.31005859375,4514380000
2010-06-23,1092.0400390625,4526150000
2010-06-24,1073.68994140625,4814830000
2010-06-25,1076.760009765625,5128840000
2010-06-28,1074.5699462890625,3896410000
2010-06-29,1041.239990234375,6136700000
2010-06-30,1030.7099609375,5067080000
2010-07-01,1027.3699951171875,6435770000
2010-07-02,1022.5800170898438,3968500000
2010-07-06,1028.06005859375,4691240000
2010-07-07,1060.27001953125,4931220000
2010-07-08,1070.25,4548460000
2010-07-09,1077.9599609375,3506570000
2010-07-12,1078.75,3426990000
2010-07-13,1095.3399658203125,4640460000
2010-07-14,1095.1700439453125,4521050000
2010-07-15,1096.47998046875,4552470000
2010-07-16,1064.8800048828125,5297350000
2010-07-19,1071.25,4089500000
2010-07-20,1083.47998046875,4713280000
2010-07-21,1069.5899658203125,4747180000
2010-07-22,1093.6700439453125,4826900000
2010-07-23,1102.6600341796875,4524570000
2010-07-26,1115.010009765625,4009650000
2010-07-27,1113.8399658203125,4725690000
2010-07-28,1106.1300048828125,4002390000
2010-07-29,1101.530029296875,4612420000
2010-07-30,1101.5999755859375,4006450000
2010-08-02,1125.8599853515625,4144180000
2010-08-03,1120.4599609375,4071820000
2010-08-04,1127.239990234375,4057850000
2010-08-05,1125.81005859375,3685560000
2010-08-06,1121.6400146484375,3857890000
2010-08-09,1127.7900390625,3979360000
2010-08-10,1121.06005859375,3979360000
2010-08-11,1089.469970703125,4511860000
2010-08-12,1083.6099853515625,4521050000
2010-08-13,1079.25,3328890000
2010-08-16,1079.3800048828125,3142450000
2010-08-17,1092.5400390625,3968210000
2010-08-18,1094.1600341796875,3724260000
2010-08-19,1075.6300048828125,4290540000
2010-08-20,1071.68994140625,3761570000
2010-08-23,1067.3599853515625,3210950000
2010-08-24,1051.8699951171875,4436330000
2010-08-25,1055.3299560546875,4360190000
2010-08-26,1047.219970703125,3646710000
2010-08-27,1064.5899658203125,4102460000
2010-08-30,1048.9200439453125,2917990000
2010-08-31,1049.3299560546875,4038770000
2010-09-01,1080.2900390625,4396880000
2010-09-02,1090.0999755859375,3704210000
2010-09-03,1104.510009765625,3534500000
2010-09-07,1091.8399658203125,3107380000
2010-09-08,1098.8699951171875,3224640000
2010-09-09,1104.1800537109375,3387770000
2010-09-10,1109.550048828125,3061160000
2010-09-13,1121.9000244140625,4521050000
2010-09-14,1121.0999755859375,4521050000
2010-09-15,1125.0699462890625,3369840000
2010-09-16,1124.6600341796875,3364080000
2010-09-17,1125.5899658203125,4086140000
2010-09-20,1142.7099609375,3364080000
2010-09-21,1139.780029296875,4175660000
2010-09-22,1134.280029296875,3911070000
2010-09-23,1124.8299560546875,3847850000
2010-09-24,1148.6700439453125,4123950000
2010-09-27,1142.1600341796875,3587860000
2010-09-28,1147.699951171875,4025840000
2010-09-29,1144.72998046875,3990280000
2010-09-30,1141.199951171875,4284160000
2010-10-01,1146.239990234375,4298910000
2010-10-04,1137.030029296875,3604110000
2010-10-05,1160.75,4068840000
2010-10-06,1159.969970703125,4073160000
2010-10-07,1158.06005859375,3910550000
2010-10-08,1165.1500244140625,3871420000
2010-10-11,1165.3199462890625,2505900000
2010-10-12,1169.77001953125,4076170000
2010-10-13,1178.0999755859375,4969410000
2010-10-14,1173.81005859375,4969410000
2010-10-15,1176.18994140625,5724910000
2010-10-18,1184.7099609375,4450050000
2010-10-19,1165.9000244140625,5600120000
2010-10-20,1178.1700439453125,5027880000
2010-10-21,1180.260009765625,4625470000
2010-10-22,1183.0799560546875,3177890000
2010-10-25,1185.6199951171875,4221380000
2010-10-26,1185.6400146484375,4203680000
2010-10-27,1182.449951171875,4335670000
2010-10-28,1183.780029296875,4283460000
2010-10-29,1183.260009765625,3537880000
2010-11-01,1184.3800048828125,4129180000
2010-11-02,1193.5699462890625,3866200000
2010-11-03,1197.9599609375,4665480000
2010-11-04,1221.06005859375,5695470000
2010-11-05,1225.8499755859375,5637460000
2010-11-08,1223.25,3937230000
2010-11-09,1213.4000244140625,4848040000
2010-11-10,1218.7099609375,4561300000
2010-11-11,1213.5400390625,3931120000
2010-11-12,1199.2099609375,4213620000
2010-11-15,1197.75,3503370000
2010-11-16,1178.3399658203125,5116380000
2010-11-17,1178.5899658203125,3904780000
2010-11-18,1196.68994140625,4687260000
2010-11-19,1199.72998046875,3675390000
2010-11-22,1197.8399658203125,3689500000
2010-11-23,1180.72998046875,4133070000
2010-11-24,1198.3499755859375,3384250000
2010-11-26,1189.4000244140625,1613820000
2010-11-29,1187.760009765625,3673450000
2010-11-30,1180.550048828125,4284700000
2010-12-01,1206.0699462890625,4548110000
2010-12-02,1221.530029296875,4970800000
2010-12-03,1224.7099609375,3735780000
2010-12-06,1223.1199951171875,3527370000
2010-12-07,1223.75,6970630000
2010-12-08,1228.280029296875,4607590000
2010-12-09,1233.0,4522510000
2010-12-10,1240.4000244140625,4547310000
2010-12-13,1240.4599609375,4361240000
2010-12-14,1241.5899658203125,4132350000
2010-12-15,1235.22998046875,4407340000
2010-12-16,1242.8699951171875,4736820000
2010-12-17,1243.9100341796875,4632470000
2010-12-20,1247.0799560546875,3548140000
2010-12-21,1254.5999755859375,3479670000
2010-12-22,1258.8399658203125,1285590000
2010-12-23,1256.77001953125,2515020000
2010-12-27,1257.5400390625,1992470000
2010-12-28,1258.510009765625,2478450000
2010-12-29,1259.780029296875,2214380000
2010-12-30,1257.8800048828125,1970720000
2010-12-31,1257.6400146484375,1799770000
2011-01-03,1271.8699951171875,4286670000
2011-01-04,1270.199951171875,4796420000
2011-01-05,1276.56005859375,4764920000
2011-01-06,1273.8499755859375,4844100000
2011-01-07,1271.5,4963110000
2011-01-10,1269.75,4036450000
2011-01-11,1274.47998046875,4050750000
2011-01-12,1285.9599609375,4226940000
2011-01-13,1283.760009765625,4310840000
2011-01-14,1293.239990234375,4661590000
2011-01-18,1295.02001953125,5284990000
2011-01-19,1281.9200439453125,4743710000
2011-01-20,1280.260009765625,4935320000
2011-01-21,1283.3499755859375,4935320000
2011-01-24,1290.8399658203125,3902470000
2011-01-25,1291.1800537109375,4595380000
2011-01-26,1296.6300048828125,4730980000
2011-01-27,1299.5400390625,4309190000
2011-01-28,1276.3399658203125,5618630000
2011-01-31,1286.1199951171875,4167160000
2011-02-01,1307.5899658203125,5164500000
2011-02-02,1304.030029296875,4098260000
2011-02-03,1307.0999755859375,4370990000
2011-02-04,1310.8699951171875,3925950000
2011-02-07,1319.050048828125,3902270000
2011-02-08,1324.5699462890625,3881530000
2011-02-09,1320.8800048828125,3922240000
2011-02-10,1321.8699951171875,4184610000
2011-02-11,1329.1500244140625,4219300000
2011-02-14,1332.3199462890625,3567040000
2011-02-15,1328.010009765625,3926860000
2011-02-16,1336.3199462890625,1966450000
2011-02-17,1340.4300537109375,1966450000
2011-02-18,1343.010009765625,1162310000
2011-02-22,1315.43994140625,1322780000
2011-02-23,1307.4000244140625,1330340000
2011-02-24,1306.0999755859375,1222900000
2011-02-25,1319.8800048828125,3836030000
2011-02-28,1327.219970703125,1252850000
2011-03-01,1306.3299560546875,1180420000
2011-03-02,1308.43994140625,1025000000
2011-03-03,1330.969970703125,4340470000
2011-03-04,1321.1500244140625,4223740000
2011-03-07,1310.1300048828125,3964730000
2011-03-08,1321.8199462890625,4531420000
2011-03-09,1320.02001953125,3709520000
2011-03-10,1295.1099853515625,4723020000
2011-03-11,1304.280029296875,3740400000
2011-03-14,1296.3900146484375,4050370000
2011-03-15,1281.8699951171875,5201400000
2011-03-16,1256.8800048828125,5833000000
2011-03-17,1273.719970703125,4134950000
2011-03-18,1279.2099609375,4685500000
2011-03-21,1298.3800048828125,4223730000
2011-03-22,1293.77001953125,3576550000
2011-03-23,1297.5400390625,3842350000
2011-03-24,1309.6600341796875,4223740000
2011-03-25,1313.800048828125,4223740000
2011-03-28,1310.18994140625,3215170000
2011-03-29,1319.43994140625,3482580000
2011-03-30,1328.260009765625,3809570000
2011-03-31,1325.8299560546875,3566270000
2011-04-01,1332.4100341796875,4223740000
2011-04-04,1332.8699951171875,4223740000
2011-04-05,1332.6300048828125,3852280000
2011-04-06,1335.5400390625,4223740000
2011-04-07,1333.510009765625,4005600000
2011-04-08,1328.1700439453125,3582810000
2011-04-11,1324.4599609375,3478970000
2011-04-12,1314.1600341796875,4275490000
2011-04-13,1314.4100341796875,3850860000
2011-04-14,1314.52001953125,3872630000
2011-04-15,1319.6800537109375,4223740000
2011-04-18,1305.1400146484375,4223740000
2011-04-19,1312.6199951171875,3886300000
2011-04-20,1330.3599853515625,4236280000
2011-04-21,1337.3800048828125,3587240000
2011-04-25,1335.25,2142130000
2011-04-26,1347.239990234375,3908060000
2011-04-27,1355.6600341796875,4051570000
2011-04-28,1360.47998046875,4036820000
2011-04-29,1363.6099853515625,3479070000
2011-05-02,1361.219970703125,3846250000
2011-05-03,1356.6199951171875,4223740000
2011-05-04,1347.3199462890625,4223740000
2011-05-05,1335.0999755859375,3846250000
2011-05-06,1340.199951171875,4223740000
2011-05-09,1346.2900390625,4265250000
2011-05-10,1357.1600341796875,4223740000
2011-05-11,1342.0799560546875,3846250000
2011-05-12,1348.6500244140625,3777210000
2011-05-13,1337.77001953125,3426660000
2011-05-16,1329.469970703125,3846250000
2011-05-17,1328.97998046875,4053970000
2011-05-18,1340.6800537109375,3922030000
2011-05-19,1343.5999755859375,3626110000
2011-05-20,1333.27001953125,4066020000
2011-05-23,1317.3699951171875,3255580000
2011-05-24,1316.280029296875,3846250000
2011-05-25,1320.469970703125,4109670000
2011-05-26,1325.68994140625,3259470000
2011-05-27,1331.0999755859375,3124560000
2011-05-31,1345.199951171875,4696240000
2011-06-01,1314.550048828125,4241090000
2011-06-02,1312.93994140625,3762170000
2011-06-03,1300.1600341796875,3505030000
2011-06-06,1286.1700439453125,3555980000
2011-06-07,1284.93994140625,3846250000
2011-06-08,1279.56005859375,3970810000
2011-06-09,1289.0,3332510000
2011-06-10,1270.97998046875,3846250000
2011-06-13,1271.8299560546875,4132520000
2011-06-14,1287.8699951171875,3500280000
2011-06-15,1265.4200439453125,4070500000
2011-06-16,1267.6400146484375,3846250000
2011-06-17,1271.5,4916460000
2011-06-20,1278.3599853515625,3464660000
2011-06-21,1295.52001953125,4056150000
2011-06-22,1287.1400146484375,3718420000
2011-06-23,1283.5,4983450000
2011-06-24,1268.449951171875,3665340000
2011-06-27,1280.0999755859375,3479070000
2011-06-28,1296.6700439453125,3681500000
2011-06-29,1307.4100341796875,4347540000
2011-06-30,1320.6400146484375,4200500000
2011-07-01,1339.6700439453125,3796930000
2011-07-05,1337.8800048828125,3722320000
2011-07-06,1339.219970703125,3564190000
2011-07-07,1353.219970703125,4069530000
2011-07-08,1343.800048828125,3594360000
2011-07-11,1319.489990234375,3879130000
2011-07-12,1313.6400146484375,4227890000
2011-07-13,1317.719970703125,4060080000
2011-07-14,1308.8699951171875,4358570000
2011-07-15,1316.1400146484375,4242760000
2011-07-18,1305.43994140625,4118160000
2011-07-19,1326.72998046875,4304600000
2011-07-20,1325.8399658203125,3767420000
2011-07-21,1343.800048828125,4837430000
2011-07-22,1345.02001953125,3522830000
2011-07-25,1337.4300537109375,3536890000
2011-07-26,1331.93994140625,4007050000
2011-07-27,1304.8900146484375,3479040000
2011-07-28,1300.6700439453125,4951800000
2011-07-29,1292.280029296875,5061190000
2011-08-01,1286.93994140625,4967390000
2011-08-02,1254.050048828125,5206290000
2011-08-03,1260.3399658203125,6446940000
2011-08-04,1200.0699462890625,4266530000
2011-08-05,1199.3800048828125,5454590000
2011-08-08,1119.4599609375,2615150000
2011-08-09,1172.530029296875,2366660000
2011-08-10,1120.760009765625,5018070000
2011-08-11,1172.6400146484375,3685050000
2011-08-12,1178.81005859375,5640380000
2011-08-15,1204.489990234375,4272850000
2011-08-16,1192.760009765625,5071600000
2011-08-17,1193.8900146484375,4388340000
2011-08-18,1140.6500244140625,3234810000
2011-08-19,1123.530029296875,5167560000
2011-08-22,1123.8199462890625,5436260000
2011-08-23,1162.3499755859375,5013170000
2011-08-24,1177.5999755859375,5315310000
2011-08-25,1159.27001953125,5748420000
2011-08-26,1176.800048828125,5035320000
2011-08-29,1210.0799560546875,4228070000
2011-08-30,1212.9200439453125,4572570000
2011-08-31,1218.8900146484375,5267840000
2011-09-01,1204.4200439453125,4780410000
2011-09-02,1173.969970703125,4401740000
2011-09-06,1165.239990234375,5103980000
2011-09-07,1198.6199951171875,4441040000
2011-09-08,1185.9000244140625,4465170000
2011-09-09,1154.22998046875,4586370000
2011-09-12,1162.27001953125,5168550000
2011-09-13,1172.8699951171875,4681370000
2011-09-14,1188.6800537109375,4986740000
2011-09-15,1209.1099853515625,4479730000
2011-09-16,1216.010009765625,5248890000
2011-09-19,1204.0899658203125,4254190000
2011-09-20,1202.0899658203125,4315610000
2011-09-21,1166.760009765625,4728550000
2011-09-22,1129.56005859375,6703140000
2011-09-23,1136.4300537109375,5639930000
2011-09-26,1162.949951171875,4762830000
2011-09-27,1175.3800048828125,5548130000
2011-09-28,1151.06005859375,4787920000
2011-09-29,1160.4000244140625,5285740000
2011-09-30,1131.4200439453125,4416790000
2011-10-03,1099.22998046875,5670340000
2011-10-04,1123.949951171875,3714670000
2011-10-05,1144.030029296875,2510620000
2011-10-06,1164.969970703125,5098330000
2011-10-07,1155.4599609375,5580380000
2011-10-10,1194.8900146484375,4446800000
2011-10-11,1195.5400390625,4424500000
2011-10-12,1207.25,5355360000
2011-10-13,1203.6600341796875,4436270000
2011-10-14,1224.5799560546875,4116690000
2011-10-17,1200.8599853515625,4300700000
2011-10-18,1225.3800048828125,4840170000
2011-10-19,1209.8800048828125,4846390000
2011-10-20,1215.3900146484375,4870290000
2011-10-21,1238.25,4980770000
2011-10-24,1254.18994140625,4309380000
2011-10-25,1229.050048828125,4473970000
2011-10-26,1242.0,4873530000
2011-10-27,1284.5899658203125,6367610000
2011-10-28,1285.0899658203125,4536690000
2011-10-31,1253.300048828125,4310210000
2011-11-01,1218.280029296875,5645540000
2011-11-02,1237.9000244140625,4110530000
2011-11-03,1261.1500244140625,4849140000
2011-11-04,1253.22998046875,3830650000
2011-11-07,1261.1199951171875,3429740000
2011-11-08,1275.9200439453125,3908490000
2011-11-09,1229.0999755859375,4659740000
2011-11-10,1239.699951171875,4002760000
2011-11-11,1263.8499755859375,3370180000
2011-11-14,1251.780029296875,3219680000
2011-11-15,1257.81005859375,3599300000
2011-11-16,1236.9100341796875,4085010000
2011-11-17,1216.1300048828125,4596450000
2011-11-18,1215.6500244140625,3827610000
2011-11-21,1192.97998046875,4050070000
2011-11-22,1188.0400390625,3911710000
2011-11-23,1161.7900390625,3798940000
2011-11-25,1158.6700439453125,1664200000
2011-11-28,1192.550048828125,3920750000
2011-11-29,1195.18994140625,3992650000
2011-11-30,1246.9599609375,5801910000
2011-12-01,1244.5799560546875,3818680000
2011-12-02,1244.280029296875,4144310000
2011-12-05,1257.0799560546875,4148060000
2011-12-06,1258.469970703125,3734230000
2011-12-07,1261.010009765625,4160540000
2011-12-08,1234.3499755859375,4298370000
2011-12-09,1255.18994140625,3830610000
2011-12-12,1236.469970703125,3600570000
2011-12-13,1225.72998046875,4121570000
2011-12-14,1211.8199462890625,4298290000
2011-12-15,1215.75,3810340000
2011-12-16,1219.6600341796875,5345800000
2011-12-19,1205.3499755859375,3659820000
2011-12-20,1241.300048828125,4055590000
2011-12-21,1243.719970703125,2959020000
2011-12-22,1254.0,3492250000
2011-12-23,1265.3299560546875,2233830000
2011-12-27,1265.4300537109375,2130590000
2011-12-28,1249.6400146484375,2349980000
2011-12-29,1263.02001953125,2278130000
2011-12-30,1257.5999755859375,2271850000
2012-01-03,1277.06005859375,3943710000
2012-01-04,1277.300048828125,3592580000
2012-01-05,1281.06005859375,4315950000
2012-01-06,1277.81005859375,3656830000
2012-01-09,1280.699951171875,3371600000
2012-01-10,1292.0799560546875,4221960000
2012-01-11,1292.47998046875,3968120000
2012-01-12,1295.5,4019890000
2012-01-13,1289.0899658203125,3692370000
2012-01-17,1293.6700439453125,4010490000
2012-01-18,1308.0400390625,4096160000
2012-01-19,1314.5,4465890000
2012-01-20,1315.3800048828125,3912620000
2012-01-23,1316.0,3770910000
2012-01-24,1314.6500244140625,3693560000
2012-01-25,1326.06005859375,4410910000
2012-01-26,1318.4300537109375,4522070000
2012-01-27,1316.3299560546875,4007380000
2012-01-30,1313.010009765625,3659010000
2012-01-31,1312.4100341796875,4235550000
2012-02-01,1324.0899658203125,4504360000
2012-02-02,1325.5400390625,4120920000
2012-02-03,1344.9000244140625,4608550000
2012-02-06,1344.3299560546875,3379700000
2012-02-07,1347.050048828125,3742460000
2012-02-08,1349.9599609375,4096730000
2012-02-09,1351.949951171875,4209890000
2012-02-10,1342.6400146484375,3877580000
2012-02-13,1351.77001953125,3618040000
2012-02-14,1350.5,3889520000
2012-02-15,1343.22998046875,4080340000
2012-02-16,1358.0400390625,4108880000
2012-02-17,1361.22998046875,3717640000
2012-02-21,1362.2099609375,3795200000
2012-02-22,1357.6600341796875,3633710000
2012-02-23,1363.4599609375,3786450000
2012-02-24,1365.739990234375,3505360000
2012-02-27,1367.5899658203125,3648890000
2012-02-28,1372.1800537109375,3579120000
2012-02-29,1365.6800537109375,4482370000
2012-03-01,1374.0899658203125,3919240000
2012-03-02,1369.6300048828125,3283490000
2012-03-05,1364.3299560546875,3429480000
2012-03-06,1343.3599853515625,4191060000
2012-03-07,1352.6300048828125,3580380000
2012-03-08,1365.9100341796875,3543060000
2012-03-09,1370.8699951171875,3639470000
2012-03-12,1371.0899658203125,3081870000
2012-03-13,1395.949951171875,4386470000
2012-03-14,1394.280029296875,4502280000
2012-03-15,1402.5999755859375,4271650000
2012-03-16,1404.1700439453125,5163950000
2012-03-19,1409.75,3932570000
2012-03-20,1405.52001953125,3695280000
2012-03-21,1402.8900146484375,3573590000
2012-03-22,1392.780029296875,3740590000
2012-03-23,1397.1099853515625,3472950000
2012-03-26,1416.510009765625,3576950000
2012-03-27,1412.52001953125,3513640000
2012-03-28,1405.5400390625,3892800000
2012-03-29,1403.280029296875,3832000000
2012-03-30,1408.469970703125,3676890000
2012-04-02,1419.0400390625,3572010000
2012-04-03,1413.3800048828125,3822090000
2012-04-04,1398.9599609375,3938290000
2012-04-05,1398.0799560546875,3303740000
2012-04-09,1382.199951171875,3468980000
2012-04-10,1358.5899658203125,4631730000
2012-04-11,1368.7099609375,3743040000
2012-04-12,1387.5699462890625,3618280000
2012-04-13,1370.260009765625,3631160000
2012-04-16,1369.5699462890625,3574780000
2012-04-17,1390.780029296875,3456200000
2012-04-18,1385.1400146484375,3463140000
2012-04-19,1376.9200439453125,4180020000
2012-04-20,1378.530029296875,3833320000
2012-04-23,1366.93994140625,3654860000
2012-04-24,1371.969970703125,3617100000
2012-04-25,1390.68994140625,3998430000
2012-04-26,1399.97998046875,4034700000
2012-04-27,1403.3599853515625,3645830000
2012-04-30,1397.9100341796875,3574010000
2012-05-01,1405.8199462890625,3807950000
2012-05-02,1402.31005859375,3803860000
2012-05-03,1391.5699462890625,4004910000
2012-05-04,1369.0999755859375,3975140000
2012-05-07,1369.5799560546875,3559390000
2012-05-08,1363.719970703125,4261670000
2012-05-09,1354.5799560546875,4288540000
2012-05-10,1357.989990234375,3727990000
2012-05-11,1353.3900146484375,3869070000
2012-05-14,1338.3499755859375,3688120000
2012-05-15,1330.6600341796875,4114040000
2012-05-16,1324.800048828125,4280420000
2012-05-17,1304.8599853515625,4664280000
2012-05-18,1295.219970703125,4512470000
2012-05-21,1315.989990234375,3786750000
2012-05-22,1316.6300048828125,4123680000
2012-05-23,1318.8599853515625,4108330000
2012-05-24,1320.6800537109375,3937670000
2012-05-25,1317.8199462890625,2872660000
2012-05-29,1332.4200439453125,3441640000
2012-05-30,1313.3199462890625,3534290000
2012-05-31,1310.3299560546875,4557620000
2012-06-01,1278.0400390625,4669350000
2012-06-04,1278.1800537109375,4011960000
2012-06-05,1285.5,3403230000
2012-06-06,1315.1300048828125,4268360000
2012-06-07,1314.989990234375,4258140000
2012-06-08,1325.6600341796875,3497190000
2012-06-11,1308.9300537109375,3537530000
2012-06-12,1324.1800537109375,3442920000
2012-06-13,1314.8800048828125,3506510000
2012-06-14,1329.0999755859375,3687720000
2012-06-15,1342.8399658203125,4401570000
2012-06-18,1344.780029296875,3259430000
2012-06-19,1357.97998046875,3815350000
2012-06-20,1355.68994140625,3695700000
2012-06-21,1325.510009765625,4094470000
2012-06-22,1335.02001953125,5271490000
2012-06-25,1313.719970703125,3501820000
2012-06-26,1319.989990234375,3412940000
2012-06-27,1331.8499755859375,3286910000
2012-06-28,1329.0400390625,3969370000
2012-06-29,1362.1600341796875,4590480000
2012-07-02,1365.510009765625,3301650000
2012-07-03,1374.02001953125,2116390000
2012-07-05,1367.5799560546875,3041520000
2012-07-06,1354.6800537109375,2745140000
2012-07-09,1352.4599609375,2904860000
2012-07-10,1341.469970703125,3470600000
2012-07-11,1341.449951171875,3426290000
2012-07-12,1334.760009765625,3654440000
2012-07-13,1356.780029296875,3212930000
2012-07-16,1353.6400146484375,2862720000
2012-07-17,1363.6700439453125,3566680000
2012-07-18,1372.780029296875,3642630000
2012-07-19,1376.510009765625,4043360000
2012-07-20,1362.6600341796875,3925020000
2012-07-23,1350.52001953125,3717180000
2012-07-24,1338.31005859375,3891290000
2012-07-25,1337.8900146484375,3719170000
2012-07-26,1360.02001953125,4429300000
2012-07-27,1385.969970703125,4399010000
2012-07-30,1385.300048828125,3212060000
2012-07-31,1379.3199462890625,3821570000
2012-08-01,1375.3199462890625,4440920000
2012-08-02,1365.0,4193740000
2012-08-03,1390.989990234375,3751170000
2012-08-06,1394.22998046875,3122050000
2012-08-07,1401.3499755859375,3682490000
2012-08-08,1402.219970703125,3221790000
2012-08-09,1402.800048828125,3119610000
2012-08-10,1405.8699951171875,2767980000
2012-08-13,1404.1099853515625,2499990000
2012-08-14,1403.9300537109375,2930900000
2012-08-15,1405.530029296875,2655750000
2012-08-16,1415.510009765625,3114100000
2012-08-17,1418.1600341796875,2922990000
2012-08-20,1418.1300048828125,2766320000
2012-08-21,1413.1700439453125,3282950000
2012-08-22,1413.489990234375,3062690000
2012-08-23,1402.0799560546875,3008240000
2012-08-24,1411.1300048828125,2598790000
2012-08-27,1410.43994140625,2472500000
2012-08-28,1409.300048828125,2629090000
2012-08-29,1410.489990234375,2571220000
2012-08-30,1399.47998046875,2530280000
2012-08-31,1406.5799560546875,2938250000
2012-09-04,1404.93994140625,3200310000
2012-09-05,1403.43994140625,3389110000
2012-09-06,1432.1199951171875,3952870000
2012-09-07,1437.9200439453125,3717620000
2012-09-10,1429.0799560546875,3223670000
2012-09-11,1433.56005859375,3509630000
2012-09-12,1436.56005859375,3641200000
2012-09-13,1459.989990234375,4606550000
2012-09-14,1465.77001953125,5041990000
2012-09-17,1461.18994140625,3482430000
2012-09-18,1459.3199462890625,3377390000
2012-09-19,1461.050048828125,3451360000
2012-09-20,1460.260009765625,3382520000
2012-09-21,1460.1500244140625,4833870000
2012-09-24,1456.8900146484375,3008920000
2012-09-25,1441.5899658203125,3739900000
2012-09-26,1433.3199462890625,3565380000
2012-09-27,1447.1500244140625,3150330000
2012-09-28,1440.6700439453125,3509230000
2012-10-01,1444.489990234375,3505080000
2012-10-02,1445.75,3321790000
2012-10-03,1450.989990234375,3531640000
2012-10-04,1461.4000244140625,3615860000
2012-10-05,1460.9300537109375,3172940000
2012-10-08,1455.8800048828125,2328720000
2012-10-09,1441.47998046875,3216320000
2012-10-10,1432.56005859375,3225060000
2012-10-11,1432.8399658203125,3672540000
2012-10-12,1428.5899658203125,3134750000
2012-10-15,1440.1300048828125,3483810000
2012-10-16,1454.9200439453125,3568770000
2012-10-17,1460.9100341796875,3655320000
2012-10-18,1457.3399658203125,3880030000
2012-10-19,1433.18994140625,3875170000
2012-10-22,1433.8199462890625,3216220000
2012-10-23,1413.1099853515625,3587670000
2012-10-24,1408.75,3385970000
2012-10-25,1412.969970703125,3512640000
2012-10-26,1411.93994140625,3284910000
2012-10-31,1412.1600341796875,3577110000
2012-11-01,1427.5899658203125,3929890000
2012-11-02,1414.199951171875,3732480000
2012-11-05,1417.260009765625,2921040000
2012-11-06,1428.3900146484375,3306970000
2012-11-07,1394.530029296875,4356490000
2012-11-08,1377.510009765625,3779520000
2012-11-09,1379.8499755859375,3647350000
2012-11-12,1380.030029296875,2567540000
2012-11-13,1374.530029296875,3455550000
2012-11-14,1355.489990234375,4109510000
2012-11-15,1353.3299560546875,3928870000
2012-11-16,1359.8800048828125,4045910000
2012-11-19,1386.8900146484375,3374800000
2012-11-20,1387.81005859375,3207160000
2012-11-21,1391.030029296875,2667090000
2012-11-23,1409.1500244140625,1504960000
2012-11-26,1406.2900390625,2948960000
2012-11-27,1398.93994140625,3323120000
2012-11-28,1409.9300537109375,3359250000
2012-11-29,1415.949951171875,3356850000
2012-11-30,1416.1800537109375,3966000000
2012-12-03,1409.4599609375,3074280000
2012-12-04,1407.050048828125,3247710000
2012-12-05,1409.280029296875,4253920000
2012-12-06,1413.93994140625,3229700000
2012-12-07,1418.0699462890625,3125160000
2012-12-10,1418.550048828125,2999430000
2012-12-11,1427.8399658203125,3650230000
2012-12-12,1428.47998046875,3709050000
2012-12-13,1419.449951171875,3349960000
2012-12-14,1413.5799560546875,3210170000
2012-12-17,1430.3599853515625,3455610000
2012-12-18,1446.7900390625,4302240000
2012-12-19,1435.81005859375,3869800000
2012-12-20,1443.68994140625,3686580000
2012-12-21,1430.1500244140625,5229160000
2012-12-24,1426.6600341796875,1248960000
2012-12-26,1419.8299560546875,2285030000
2012-12-27,1418.0999755859375,2830180000
2012-12-28,1402.4300537109375,2426680000
2012-12-31,1426.18994140625,3204330000
2013-01-02,1462.4200439453125,4202600000
2013-01-03,1459.3699951171875,3829730000
2013-01-04,1466.469970703125,3424290000
2013-01-07,1461.8900146484375,3304970000
2013-01-08,1457.1500244140625,3601600000
2013-01-09,1461.02001953125,3674390000
2013-01-10,1472.1199951171875,4081840000
2013-01-11,1472.050048828125,3340650000
2013-01-14,1470.6800537109375,3003010000
2013-01-15,1472.3399658203125,3135350000
2013-01-16,1472.6300048828125,3384080000
2013-01-17,1480.93994140625,3706710000
2013-01-18,1485.97998046875,3795740000
2013-01-22,1492.56005859375,3570950000
2013-01-23,1494.81005859375,3552010000
2013-01-24,1494.8199462890625,3699430000
2013-01-25,1502.9599609375,3476290000
2013-01-28,1500.1800537109375,3388540000
2013-01-29,1507.8399658203125,3949640000
2013-01-30,1501.9599609375,3726810000
2013-01-31,1498.1099853515625,3999880000
2013-02-01,1513.1700439453125,3836320000
2013-02-04,1495.7099609375,3390000000
2013-02-05,1511.2900390625,3618360000
2013-02-06,1512.1199951171875,3611570000
2013-02-07,1509.3900146484375,3614580000
2013-02-08,1517.9300537109375,2986150000
2013-02-11,1517.010009765625,2684100000
2013-02-12,1519.4300537109375,3414370000
2013-02-13,1520.3299560546875,3385880000
2013-02-14,1521.3800048828125,3759740000
2013-02-15,1519.7900390625,3838510000
2013-02-19,1530.93994140625,3748910000
2013-02-20,1511.949951171875,4240570000
2013-02-21,1502.4200439453125,4274600000
2013-02-22,1515.5999755859375,3419320000
2013-02-25,1487.8499755859375,4011050000
2013-02-26,1496.93994140625,3975280000
2013-02-27,1515.989990234375,3551850000
2013-02-28,1514.6800537109375,3912320000
2013-03-01,1518.199951171875,3695610000
2013-03-04,1525.199951171875,3414430000
2013-03-05,1539.7900390625,3610690000
2013-03-06,1541.4599609375,3676890000
2013-03-07,1544.260009765625,3634710000
2013-03-08,1551.1800537109375,3652260000
2013-03-11,1556.219970703125,3091080000
2013-03-12,1552.47998046875,3274910000
2013-03-13,1554.52001953125,3073830000
2013-03-14,1563.22998046875,3459260000
2013-03-15,1560.699951171875,5175850000
2013-03-18,1552.0999755859375,3164560000
2013-03-19,1548.3399658203125,3796210000
2013-03-20,1558.7099609375,3349090000
2013-03-21,1545.800048828125,3243270000
2013-03-22,1556.8900146484375,2948380000
2013-03-25,1551.68994140625,3178170000
2013-03-26,1563.77001953125,2869260000
2013-03-27,1562.8499755859375,2914210000
2013-03-28,1569.18994140625,3304440000
2013-04-01,1562.1700439453125,2753110000
2013-04-02,1570.25,3312160000
2013-04-03,1553.68994140625,4060610000
2013-04-04,1559.97998046875,3350670000
2013-04-05,1553.280029296875,3515410000
2013-04-08,1563.0699462890625,2887120000
2013-04-09,1568.6099853515625,3252780000
2013-04-10,1587.72998046875,3453350000
2013-04-11,1593.3699951171875,3393950000
2013-04-12,1588.8499755859375,3206290000
2013-04-15,1552.3599853515625,4660130000
2013-04-16,1574.5699462890625,3654700000
2013-04-17,1552.010009765625,4250310000
2013-04-18,1541.6099853515625,3890800000
2013-04-19,1555.25,3569870000
2013-04-22,1562.5,2979880000
2013-04-23,1578.780029296875,3565150000
2013-04-24,1578.7900390625,3598240000
2013-04-25,1585.1600341796875,3908580000
2013-04-26,1582.239990234375,3198620000
2013-04-29,1593.6099853515625,2891200000
2013-04-30,1597.5699462890625,3745070000
2013-05-01,1582.699951171875,3530320000
2013-05-02,1597.5899658203125,3366950000
2013-05-03,1614.4200439453125,3603910000
2013-05-06,1617.5,3062240000
2013-05-07,1625.9599609375,3309580000
2013-05-08,1632.68994140625,3554700000
2013-05-09,1626.6700439453125,3457400000
2013-05-10,1633.699951171875,3086470000
2013-05-13,1633.77001953125,2910600000
2013-05-14,1650.3399658203125,3457790000
2013-05-15,1658.780029296875,3657440000
2013-05-16,1650.469970703125,3513130000
2013-05-17,1667.469970703125,3440710000
2013-05-20,1666.2900390625,3275080000
2013-05-21,1669.1600341796875,3513560000
2013-05-22,1655.3499755859375,4361020000
2013-05-23,1650.510009765625,3945510000
2013-05-24,1649.5999755859375,2758080000
2013-05-28,1660.06005859375,3457400000
2013-05-29,1648.3599853515625,3587140000
2013-05-30,1654.4100341796875,3498620000
2013-05-31,1630.739990234375,4099600000
2013-06-03,1640.4200439453125,3952070000
2013-06-04,1631.3800048828125,3653840000
2013-06-05,1608.9000244140625,3632350000
2013-06-06,1622.56005859375,3547380000
2013-06-07,1643.3800048828125,3371990000
2013-06-10,1642.81005859375,2978730000
2013-06-11,1626.1300048828125,3435710000
2013-06-12,1612.52001953125,3202550000
2013-06-13,1636.3599853515625,3378620000
2013-06-14,1626.72998046875,2939400000
2013-06-17,1639.0400390625,3137080000
2013-06-18,1651.81005859375,3120980000
2013-06-19,1628.9300537109375,3545060000
2013-06-20,1588.18994140625,4858850000
2013-06-21,1592.4300537109375,5797280000
2013-06-24,1573.0899658203125,4733660000
2013-06-25,1588.030029296875,3761170000
2013-06-26,1603.260009765625,3558340000
2013-06-27,1613.199951171875,3364540000
2013-06-28,1606.280029296875,4977190000
2013-07-01,1614.9599609375,3104690000
2013-07-02,1614.0799560546875,3317130000
2013-07-03,1615.4100341796875,1966050000
2013-07-05,1631.8900146484375,2634140000
2013-07-08,1640.4599609375,3514590000
2013-07-09,1652.3199462890625,3155360000
2013-07-10,1652.6199951171875,3011010000
2013-07-11,1675.02001953125,3446340000
2013-07-12,1680.18994140625,3039070000
2013-07-15,1682.5,2623200000
2013-07-16,1676.260009765625,3081710000
2013-07-17,1680.9100341796875,3153440000
2013-07-18,1689.3699951171875,3452370000
2013-07-19,1692.0899658203125,3302580000
2013-07-22,1695.530029296875,2779130000
2013-07-23,1692.3900146484375,3096180000
2013-07-24,1685.93994140625,3336120000
2013-07-25,1690.25,3322500000
2013-07-26,1691.6500244140625,2762770000
2013-07-29,1685.3299560546875,2840520000
2013-07-30,1685.9599609375,3320530000
2013-07-31,1685.72998046875,3847390000
2013-08-01,1706.8699951171875,3775170000
2013-08-02,1709.6700439453125,3136630000
2013-08-05,1707.1400146484375,2529300000
2013-08-06,1697.3699951171875,3141210000
2013-08-07,1690.9100341796875,3010230000
2013-08-08,1697.47998046875,3271660000
2013-08-09,1691.4200439453125,2957670000
2013-08-12,1689.469970703125,2789160000
2013-08-13,1694.1600341796875,3035560000
2013-08-14,1685.3900146484375,2871430000
2013-08-15,1661.3199462890625,3426690000
2013-08-16,1655.8299560546875,3211450000
2013-08-19,1646.06005859375,2904530000
2013-08-20,1652.3499755859375,2994090000
2013-08-21,1642.800048828125,2932180000
2013-08-22,1656.9599609375,2537460000
2013-08-23,1663.5,2582670000
2013-08-26,1656.780029296875,2430670000
2013-08-27,1630.47998046875,3219190000
2013-08-28,1634.9599609375,2784010000
2013-08-29,1638.1700439453125,2527550000
2013-08-30,1632.969970703125,2734300000
2013-09-03,1639.77001953125,3731610000
2013-09-04,1653.0799560546875,3312150000
2013-09-05,1655.0799560546875,2957110000
2013-09-06,1655.1700439453125,3123880000
2013-09-09,1671.7099609375,3102780000
2013-09-10,1683.989990234375,3691800000
2013-09-11,1689.1300048828125,3135460000
2013-09-12,1683.4200439453125,3106290000
2013-09-13,1687.989990234375,2736500000
2013-09-16,1697.5999755859375,3079800000
2013-09-17,1704.760009765625,2774240000
2013-09-18,1725.52001953125,3989760000
2013-09-19,1722.3399658203125,3740130000
2013-09-20,1709.9100341796875,5074030000
2013-09-23,1701.8399658203125,3126950000
2013-09-24,1697.4200439453125,3268930000
2013-09-25,1692.77001953125,3148730000
2013-09-26,1698.6700439453125,2813930000
2013-09-27,1691.75,2951700000
2013-09-30,1681.550048828125,3308630000
2013-10-01,1695.0,3238690000
2013-10-02,1693.8699951171875,3148600000
2013-10-03,1678.6600341796875,3279650000
2013-10-04,1690.5,2880270000
2013-10-07,1676.1199951171875,2678490000
2013-10-08,1655.449951171875,3569230000
2013-10-09,1656.4000244140625,3577840000
2013-10-10,1692.56005859375,3362300000
2013-10-11,1703.199951171875,2944670000
2013-10-14,1710.1400146484375,2580580000
2013-10-15,1698.06005859375,3327740000
2013-10-16,1721.5400390625,3486180000
2013-10-17,1733.1500244140625,3453590000
2013-10-18,1744.5,3664890000
2013-10-21,1744.6600341796875,3052710000
2013-10-22,1754.6700439453125,3850840000
2013-10-23,1746.3800048828125,3713380000
2013-10-24,1752.0699462890625,3671700000
2013-10-25,1759.77001953125,3175720000
2013-10-28,1762.1099853515625,3282300000
2013-10-29,1771.949951171875,3358460000
2013-10-30,1763.31005859375,3523040000
2013-10-31,1756.5400390625,3826530000
2013-11-01,1761.6400146484375,3686290000
2013-11-04,1767.9300537109375,3194870000
2013-11-05,1762.969970703125,3516680000
2013-11-06,1770.489990234375,3322100000
2013-11-07,1747.1500244140625,4143200000
2013-11-08,1770.6099853515625,3837170000
2013-11-11,1771.8900146484375,2534060000
2013-11-12,1767.68994140625,3221030000
2013-11-13,1782.0,3327480000
2013-11-14,1790.6199951171875,3139060000
2013-11-15,1798.1800537109375,3254820000
2013-11-18,1791.530029296875,3168520000
2013-11-19,1787.8699951171875,3224450000
2013-11-20,1781.3699951171875,3109140000
2013-11-21,1795.8499755859375,3256630000
2013-11-22,1804.760009765625,3055140000
2013-11-25,1802.47998046875,2998540000
2013-11-26,1802.75,3427120000
2013-11-27,1807.22998046875,2613590000
2013-11-29,1805.81005859375,1598300000
2013-12-02,1800.9000244140625,3095430000
2013-12-03,1795.1500244140625,3475680000
2013-12-04,1792.81005859375,3610540000
2013-12-05,1785.030029296875,3336880000
2013-12-06,1805.0899658203125,3150030000
2013-12-09,1808.3699951171875,3129500000
2013-12-10,1802.6199951171875,3117150000
2013-12-11,1782.219970703125,3472240000
2013-12-12,1775.5,3306640000
2013-12-13,1775.3199462890625,3061070000
2013-12-16,1786.5400390625,3209890000
2013-12-17,1781.0,3270030000
2013-12-18,1810.6500244140625,4327770000
2013-12-19,1809.5999755859373,3497210000
2013-12-20,1818.3199462890625,5097700000
2013-12-23,1827.989990234375,2851540000
2013-12-24,1833.3199462890625,1307630000
2013-12-26,1842.02001953125,1982270000
2013-12-27,1841.4000244140625,2052920000
2013-12-30,1841.0699462890625,2293860000
2013-12-31,1848.3599853515625,2312840000
2014-01-02,1831.97998046875,3080600000
2014-01-03,1831.3699951171875,2774270000
2014-01-06,1826.77001953125,3294850000
2014-01-07,1837.8800048828125,3511750000
2014-01-08,1837.489990234375,3652140000
2014-01-09,1838.1300048828125,3581150000
2014-01-10,1842.3699951171875,3335710000
2014-01-13,1819.199951171875,3591350000
2014-01-14,1838.8800048828125,3353270000
2014-01-15,1848.3800048828125,3777800000
2014-01-16,1845.8900146484373,3491310000
2014-01-17,1838.699951171875,3626120000
2014-01-21,1843.800048828125,3782470000
2014-01-22,1844.8599853515625,3374170000
2014-01-23,1828.4599609375,3972250000
2014-01-24,1790.2900390625,4618450000
2014-01-27,1781.56005859375,4045200000
2014-01-28,1792.5,3437830000
2014-01-29,1774.199951171875,3964020000
2014-01-30,1794.18994140625,3547510000
2014-01-31,1782.5899658203125,4059690000
2014-02-03,1741.8900146484375,4726040000
2014-02-04,1755.199951171875,4068410000
2014-02-05,1751.6400146484375,3984290000
2014-02-06,1773.4300537109375,3825410000
2014-02-07,1797.02001953125,3775990000
2014-02-10,1799.8399658203125,3312160000
2014-02-11,1819.75,3699380000
2014-02-12,1819.260009765625,3326380000
2014-02-13,1829.8299560546875,3289510000
2014-02-14,1838.6300048828125,3114750000
2014-02-18,1840.760009765625,3421110000
2014-02-19,1828.75,3661570000
2014-02-20,1839.780029296875,3404980000
2014-02-21,1836.25,3403880000
2014-02-24,1847.6099853515625,4014530000
2014-02-25,1845.1199951171875,3515560000
2014-02-26,1845.1600341796875,3716730000
2014-02-27,1854.2900390625,3547460000
2014-02-28,1859.449951171875,3917450000
2014-03-03,1845.72998046875,3428220000
2014-03-04,1873.9100341796875,3765770000
2014-03-05,1873.81005859375,3392990000
2014-03-06,1877.030029296875,3360450000
2014-03-07,1878.0400390625,3564740000
2014-03-10,1877.1700439453125,3021350000
2014-03-11,1867.6300048828125,3392400000
2014-03-12,1868.199951171875,3270860000
2014-03-13,1846.3399658203125,3670990000
2014-03-14,1841.1300048828125,3285460000
2014-03-17,1858.8299560546875,2860490000
2014-03-18,1872.25,2930190000
2014-03-19,1860.77001953125,3289210000
2014-03-20,1872.010009765625,3327540000
2014-03-21,1866.52001953125,5270710000
2014-03-24,1857.43994140625,3409000000
2014-03-25,1865.6199951171875,3200560000
2014-03-26,1852.56005859375,3480850000
2014-03-27,1849.0400390625,3733430000
2014-03-28,1857.6199951171875,2955520000
2014-03-31,1872.3399658203125,3274300000
2014-04-01,1885.52001953125,3336190000
2014-04-02,1890.9000244140625,3131660000
2014-04-03,1888.77001953125,3055600000
2014-04-04,1865.0899658203125,3583750000
2014-04-07,1845.0400390625,3801540000
2014-04-08,1851.9599609375,3721450000
2014-04-09,1872.1800537109373,3308650000
2014-04-10,1833.0799560546875,3758780000
2014-04-11,1815.68994140625,3743460000
2014-04-14,1830.6099853515625,3111540000
2014-04-15,1842.97998046875,3736440000
2014-04-16,1862.31005859375,3155080000
2014-04-17,1864.8499755859373,3341430000
2014-04-21,1871.8900146484373,2642500000
2014-04-22,1879.550048828125,3215440000
2014-04-23,1875.3900146484373,3085720000
2014-04-24,1878.6099853515625,3191830000
2014-04-25,1863.4000244140625,3213020000
2014-04-28,1869.4300537109373,4034680000
2014-04-29,1878.3299560546875,3647820000
2014-04-30,1883.949951171875,3779230000
2014-05-01,1883.6800537109373,3416740000
2014-05-02,1881.1400146484373,3159560000
2014-05-05,1884.6600341796875,2733730000
2014-05-06,1867.719970703125,3327260000
2014-05-07,1878.2099609375,3632950000
2014-05-08,1875.6300048828125,3393420000
2014-05-09,1878.47998046875,3025020000
2014-05-12,1896.6500244140625,3005740000
2014-05-13,1897.449951171875,2915680000
2014-05-14,1888.530029296875,2822060000
2014-05-15,1870.8499755859373,3552640000
2014-05-16,1877.8599853515625,3173650000
2014-05-19,1885.0799560546875,2664250000
2014-05-20,1872.8299560546875,3007700000
2014-05-21,1888.030029296875,2777140000
2014-05-22,1892.489990234375,2759800000
2014-05-23,1900.530029296875,2396280000
2014-05-27,1911.9100341796875,2911020000
2014-05-28,1909.780029296875,2976450000
2014-05-29,1920.030029296875,2709050000
2014-05-30,1923.5699462890625,3263490000
2014-06-02,1924.969970703125,2509020000
2014-06-03,1924.239990234375,2867180000
2014-06-04,1927.8800048828125,2793920000
2014-06-05,1940.4599609375,3113270000
2014-06-06,1949.43994140625,2864300000
2014-06-09,1951.27001953125,2812180000
2014-06-10,1950.7900390625,2702360000
2014-06-11,1943.8900146484373,2710620000
2014-06-12,1930.1099853515625,3040480000
2014-06-13,1936.1600341796875,2598230000
2014-06-16,1937.780029296875,2926130000
2014-06-17,1941.989990234375,2971260000
2014-06-18,1956.97998046875,3065220000
2014-06-19,1959.47998046875,2952150000
2014-06-20,1962.8699951171875,4336240000
2014-06-23,1962.6099853515625,2717630000
2014-06-24,1949.97998046875,3089700000
2014-06-25,1959.530029296875,3106710000
2014-06-26,1957.219970703125,2778840000
2014-06-27,1960.9599609375,4290590000
2014-06-30,1960.22998046875,3037350000
2014-07-01,1973.3199462890625,3188240000
2014-07-02,1974.6199951171875,2851480000
2014-07-03,1985.43994140625,1998090000
2014-07-07,1977.6500244140625,2681260000
2014-07-08,1963.7099609375,3302430000
2014-07-09,1972.8299560546875,2858800000
2014-07-10,1964.6800537109373,3165690000
2014-07-11,1967.5699462890625,2684630000
2014-07-14,1977.0999755859373,2744920000
2014-07-15,1973.280029296875,3328740000
2014-07-16,1981.5699462890625,3390950000
2014-07-17,1958.1199951171875,3381680000
2014-07-18,1978.219970703125,3106060000
2014-07-21,1973.6300048828125,2611160000
2014-07-22,1983.530029296875,2890480000
2014-07-23,1987.010009765625,2869720000
2014-07-24,1987.97998046875,3203530000
2014-07-25,1978.3399658203125,2638960000
2014-07-28,1978.9100341796875,2803320000
2014-07-29,1969.949951171875,3183300000
2014-07-30,1970.0699462890625,3448250000
2014-07-31,1930.6700439453125,4193000000
2014-08-01,1925.1500244140625,3789660000
2014-08-04,1938.989990234375,3072920000
2014-08-05,1920.2099609375,3462520000
2014-08-06,1920.239990234375,3539150000
2014-08-07,1909.5699462890625,3230520000
2014-08-08,1931.5899658203125,2902280000
2014-08-11,1936.9200439453125,2784890000
2014-08-12,1933.75,2611700000
2014-08-13,1946.719970703125,2718020000
2014-08-14,1955.1800537109373,2609460000
2014-08-15,1955.06005859375,3023380000
2014-08-18,1971.739990234375,2638160000
2014-08-19,1981.5999755859373,2656430000
2014-08-20,1986.510009765625,2579560000
2014-08-21,1992.3699951171875,2638920000
2014-08-22,1988.4000244140625,2301860000
2014-08-25,1997.9200439453125,2233880000
2014-08-26,2000.02001953125,2451950000
2014-08-27,2000.1199951171875,2344350000
2014-08-28,1996.739990234375,2282400000
2014-08-29,2003.3699951171875,2259130000
2014-09-02,2002.280029296875,2819980000
2014-09-03,2000.719970703125,2809980000
2014-09-04,1997.6500244140625,3072410000
2014-09-05,2007.7099609375,2818300000
2014-09-08,2001.5400390625,2789090000
2014-09-09,1988.43994140625,2882830000
2014-09-10,1995.68994140625,2912430000
2014-09-11,1997.449951171875,2941690000
2014-09-12,1985.5400390625,3206570000
2014-09-15,1984.1300048828125,2776530000
2014-09-16,1998.97998046875,3160310000
2014-09-17,2001.5699462890625,3209420000
2014-09-18,2011.3599853515625,3235340000
2014-09-19,2010.4000244140625,4880220000
2014-09-22,1994.2900390625,3349670000
2014-09-23,1982.77001953125,3279350000
2014-09-24,1998.300048828125,3313850000
2014-09-25,1965.989990234375,3273050000
2014-09-26,1982.8499755859373,2929440000
2014-09-29,1977.800048828125,3094440000
2014-09-30,1972.2900390625,3951100000
2014-10-01,1946.1600341796875,4188590000
2014-10-02,1946.1700439453125,4012510000
2014-10-03,1967.9000244140625,3560970000
2014-10-06,1964.8199462890625,3358220000
2014-10-07,1935.0999755859373,3687870000
2014-10-08,1968.8900146484373,4441890000
2014-10-09,1928.2099609375,4344020000
2014-10-10,1906.1300048828125,4550540000
2014-10-13,1874.739990234375,4352580000
2014-10-14,1877.699951171875,4812010000
2014-10-15,1862.489990234375,6090800000
2014-10-16,1862.760009765625,5073150000
2014-10-17,1886.760009765625,4482120000
2014-10-20,1904.010009765625,3331210000
2014-10-21,1941.280029296875,3987090000
2014-10-22,1927.1099853515625,3761930000
2014-10-23,1950.8199462890625,3789250000
2014-10-24,1964.5799560546875,3078380000
2014-10-27,1961.6300048828125,3538860000
2014-10-28,1985.050048828125,3653260000
2014-10-29,1982.300048828125,3740350000
2014-10-30,1994.6500244140625,3586150000
2014-10-31,2018.050048828125,4292290000
2014-11-03,2017.81005859375,3555440000
2014-11-04,2012.0999755859373,3956260000
2014-11-05,2023.5699462890625,3766590000
2014-11-06,2031.2099609375,3669770000
2014-11-07,2031.9200439453125,3704280000
2014-11-10,2038.260009765625,3284940000
2014-11-11,2039.6800537109373,2958320000
2014-11-12,2038.25,3246650000
2014-11-13,2039.3299560546875,3455270000
2014-11-14,2039.8199462890625,3227130000
2014-11-17,2041.3199462890625,3152890000
2014-11-18,2051.800048828125,3416190000
2014-11-19,2048.719970703125,3390850000
2014-11-20,2052.75,3128290000
2014-11-21,2063.5,3916420000
2014-11-24,2069.409912109375,3128060000
2014-11-25,2067.030029296875,3392940000
2014-11-26,2072.830078125,2745260000
2014-11-28,2067.56005859375,2504640000
2014-12-01,2053.43994140625,4159010000
2014-12-02,2066.550048828125,3686650000
2014-12-03,2074.330078125,3612680000
2014-12-04,2071.919921875,3408340000
2014-12-05,2075.3701171875,3419620000
2014-12-08,2060.31005859375,3800990000
2014-12-09,2059.820068359375,3970150000
2014-12-10,2026.1400146484373,4114440000
2014-12-11,2035.3299560546875,3917950000
2014-12-12,2002.3299560546875,4157650000
2014-12-15,1989.6300048828125,4361990000
2014-12-16,1972.739990234375,4958680000
2014-12-17,2012.8900146484373,4942370000
2014-12-18,2061.22998046875,4703380000
2014-12-19,2070.64990234375,6465530000
2014-12-22,2078.5400390625,3369520000
2014-12-23,2082.169921875,3043950000
2014-12-24,2081.8798828125,1416980000
2014-12-26,2088.77001953125,1735230000
2014-12-29,2090.570068359375,2452360000
2014-12-30,2080.35009765625,2440280000
2014-12-31,2058.89990234375,2606070000
2015-01-02,2058.199951171875,2708700000
2015-01-05,2020.5799560546875,3799120000
2015-01-06,2002.6099853515625,4460110000
2015-01-07,2025.9000244140625,3805480000
2015-01-08,2062.139892578125,3934010000
2015-01-09,2044.81005859375,3364140000
2015-01-12,2028.260009765625,3456460000
2015-01-13,2023.030029296875,4107300000
2015-01-14,2011.27001953125,4378680000
2015-01-15,1992.6700439453125,4276720000
2015-01-16,2019.4200439453125,4056410000
2015-01-20,2022.550048828125,3944340000
2015-01-21,2032.1199951171875,3730070000
2015-01-22,2063.14990234375,4176050000
2015-01-23,2051.820068359375,3573560000
2015-01-26,2057.090087890625,3465760000
2015-01-27,2029.550048828125,3329810000
2015-01-28,2002.1600341796875,4067530000
2015-01-29,2021.25,4127140000
2015-01-30,1994.989990234375,4568650000
2015-02-02,2020.8499755859373,4008330000
2015-02-03,2050.030029296875,4615900000
2015-02-04,2041.510009765625,4141920000
2015-02-05,2062.52001953125,3821990000
2015-02-06,2055.469970703125,4232970000
2015-02-09,2046.739990234375,3549540000
2015-02-10,2068.590087890625,3669850000
2015-02-11,2068.530029296875,3596860000
2015-02-12,2088.47998046875,3788350000
2015-02-13,2096.989990234375,3527450000
2015-02-17,2100.340087890625,3361750000
2015-02-18,2099.679931640625,3370020000
2015-02-19,2097.449951171875,3247100000
2015-02-20,2110.300048828125,3281600000
2015-02-23,2109.659912109375,3093680000
2015-02-24,2115.47998046875,3199840000
2015-02-25,2113.860107421875,3312340000
2015-02-26,2110.739990234375,3408690000
2015-02-27,2104.5,3547380000
2015-03-02,2117.389892578125,3409490000
2015-03-03,2107.780029296875,3262300000
2015-03-04,2098.530029296875,3421110000
2015-03-05,2101.0400390625,3103030000
2015-03-06,2071.260009765625,3853570000
2015-03-09,2079.429931640625,3349090000
2015-03-10,2044.1600341796875,3668900000
2015-03-11,2040.239990234375,3406570000
2015-03-12,2065.949951171875,3405860000
2015-03-13,2053.39990234375,3498560000
2015-03-16,2081.18994140625,3295600000
2015-03-17,2074.280029296875,3221840000
2015-03-18,2099.5,4128210000
2015-03-19,2089.27001953125,3305220000
2015-03-20,2108.10009765625,5554120000
2015-03-23,2104.419921875,3267960000
2015-03-24,2091.5,3189820000
2015-03-25,2061.050048828125,3521140000
2015-03-26,2056.14990234375,3510670000
2015-03-27,2061.02001953125,3008550000
2015-03-30,2086.239990234375,2917690000
2015-03-31,2067.889892578125,3376550000
2015-04-01,2059.68994140625,3543270000
2015-04-02,2066.9599609375,3095960000
2015-04-06,2080.6201171875,3302970000
2015-04-07,2076.330078125,3065510000
2015-04-08,2081.89990234375,3265330000
2015-04-09,2091.179931640625,3172360000
2015-04-10,2102.06005859375,3156200000
2015-04-13,2092.429931640625,2908420000
2015-04-14,2095.840087890625,3301270000
2015-04-15,2106.6298828125,4013760000
2015-04-16,2104.989990234375,3434120000
2015-04-17,2081.179931640625,3627600000
2015-04-20,2100.39990234375,3000160000
2015-04-21,2097.2900390625,3243410000
2015-04-22,2107.9599609375,3348480000
2015-04-23,2112.929931640625,3636670000
2015-04-24,2117.68994140625,3375780000
2015-04-27,2108.919921875,3438750000
2015-04-28,2114.760009765625,3546270000
2015-04-29,2106.85009765625,4074970000
2015-04-30,2085.510009765625,4509680000
2015-05-01,2108.2900390625,3379390000
2015-05-04,2114.489990234375,3091580000
2015-05-05,2089.4599609375,3793950000
2015-05-06,2080.14990234375,3792210000
2015-05-07,2088.0,3676640000
2015-05-08,2116.10009765625,3399440000
2015-05-11,2105.330078125,2992670000
2015-05-12,2099.1201171875,3139520000
2015-05-13,2098.47998046875,3374260000
2015-05-14,2121.10009765625,3225740000
2015-05-15,2122.72998046875,3092080000
2015-05-18,2129.199951171875,2888190000
2015-05-19,2127.830078125,3296030000
2015-05-20,2125.85009765625,3025880000
2015-05-21,2130.820068359375,3070460000
2015-05-22,2126.06005859375,2571860000
2015-05-26,2104.199951171875,3342130000
2015-05-27,2123.47998046875,3127960000
2015-05-28,2120.7900390625,2980350000
2015-05-29,2107.389892578125,3927390000
2015-06-01,2111.72998046875,3011710000
2015-06-02,2109.60009765625,3049350000
2015-06-03,2114.070068359375,3099980000
2015-06-04,2095.840087890625,3200050000
2015-06-05,2092.830078125,3243690000
2015-06-08,2079.280029296875,2917150000
2015-06-09,2080.14990234375,3034580000
2015-06-10,2105.199951171875,3414320000
2015-06-11,2108.860107421875,3128600000
2015-06-12,2094.110107421875,2719400000
2015-06-15,2084.429931640625,3061570000
2015-06-16,2096.2900390625,2919900000
2015-06-17,2100.43994140625,3222240000
2015-06-18,2121.239990234375,3520360000
2015-06-19,2109.989990234375,4449810000
2015-06-22,2122.85009765625,3030020000
2015-06-23,2124.199951171875,3091190000
2015-06-24,2108.580078125,3102480000
2015-06-25,2102.31005859375,3214610000
2015-06-26,2101.489990234375,5025470000
2015-06-29,2057.639892578125,3678960000
2015-06-30,2063.110107421875,4078540000
2015-07-01,2077.419921875,3727260000
2015-07-02,2076.780029296875,2996540000
2015-07-06,2068.760009765625,3486360000
2015-07-07,2081.340087890625,4458660000
2015-07-08,2046.6800537109373,3608780000
2015-07-09,2051.31005859375,3446810000
2015-07-10,2076.6201171875,3065070000
2015-07-13,2099.60009765625,3096730000
2015-07-14,2108.949951171875,3002120000
2015-07-15,2107.39990234375,3261810000
2015-07-16,2124.2900390625,3227080000
2015-07-17,2126.639892578125,3362750000
2015-07-20,2128.280029296875,3245870000
2015-07-21,2119.2099609375,3343690000
2015-07-22,2114.14990234375,3694070000
2015-07-23,2102.14990234375,3772810000
2015-07-24,2079.64990234375,3870040000
2015-07-27,2067.639892578125,3836750000
2015-07-28,2093.25,4117740000
2015-07-29,2108.570068359375,4038900000
2015-07-30,2108.6298828125,3579410000
2015-07-31,2103.840087890625,3681340000
2015-08-03,2098.0400390625,3476770000
2015-08-04,2093.320068359375,3546710000
2015-08-05,2099.840087890625,3968680000
2015-08-06,2083.56005859375,4246570000
2015-08-07,2077.570068359375,3602320000
2015-08-10,2104.179931640625,3514460000
2015-08-11,2084.070068359375,3708880000
2015-08-12,2086.050048828125,4269130000
2015-08-13,2083.389892578125,3221300000
2015-08-14,2091.5400390625,2795590000
2015-08-17,2102.43994140625,2867690000
2015-08-18,2096.919921875,2949990000
2015-08-19,2079.610107421875,3512920000
2015-08-20,2035.72998046875,3922470000
2015-08-21,1970.8900146484373,5018240000
2015-08-24,1893.2099609375,6612690000
2015-08-25,1867.6099853515625,5183560000
2015-08-26,1940.510009765625,5338250000
2015-08-27,1987.6600341796875,5006390000
2015-08-28,1988.8699951171875,3949080000
2015-08-31,1972.1800537109373,3915100000
2015-09-01,1913.8499755859373,4371850000
2015-09-02,1948.8599853515625,3742620000
2015-09-03,1951.1300048828125,3520700000
2015-09-04,1921.219970703125,3167090000
2015-09-08,1969.4100341796875,3548650000
2015-09-09,1942.0400390625,3652120000
2015-09-10,1952.2900390625,3626320000
2015-09-11,1961.050048828125,3218590000
2015-09-14,1953.030029296875,3000200000
2015-09-15,1978.0899658203125,3239860000
2015-09-16,1995.31005859375,3630680000
2015-09-17,1990.199951171875,4183790000
2015-09-18,1958.030029296875,6021240000
2015-09-21,1966.969970703125,3269350000
2015-09-22,1942.739990234375,3808260000
2015-09-23,1938.760009765625,3190530000
2015-09-24,1932.239990234375,4091530000
2015-09-25,1931.3399658203125,3721870000
2015-09-28,1881.77001953125,4326660000
2015-09-29,1884.0899658203125,4132390000
2015-09-30,1920.030029296875,4525070000
2015-10-01,1923.8199462890625,3983600000
2015-10-02,1951.3599853515625,4378570000
2015-10-05,1987.050048828125,4334490000
2015-10-06,1979.9200439453125,4202400000
2015-10-07,1995.8299560546875,4666470000
2015-10-08,2013.4300537109373,3939140000
2015-10-09,2014.8900146484373,3706900000
2015-10-12,2017.4599609375,2893250000
2015-10-13,2003.68994140625,3401920000
2015-10-14,1994.239990234375,3644590000
2015-10-15,2023.8599853515625,3746290000
2015-10-16,2033.1099853515625,3595430000
2015-10-19,2033.6600341796875,3287320000
2015-10-20,2030.77001953125,3331500000
2015-10-21,2018.93994140625,3627790000
2015-10-22,2052.510009765625,4430850000
2015-10-23,2075.14990234375,4108460000
2015-10-26,2071.179931640625,3385800000
2015-10-27,2065.889892578125,4216880000
2015-10-28,2090.35009765625,4698110000
2015-10-29,2089.409912109375,4008940000
2015-10-30,2079.360107421875,4256200000
2015-11-02,2104.050048828125,3760020000
2015-11-03,2109.7900390625,4272060000
2015-11-04,2102.31005859375,4078870000
2015-11-05,2099.929931640625,4051890000
2015-11-06,2099.199951171875,4369020000
2015-11-09,2078.580078125,3882350000
2015-11-10,2081.719970703125,3821440000
2015-11-11,2075.0,3692410000
2015-11-12,2045.969970703125,4016370000
2015-11-13,2023.0400390625,4278750000
2015-11-16,2053.18994140625,3741240000
2015-11-17,2050.43994140625,4427350000
2015-11-18,2083.580078125,3926390000
2015-11-19,2081.239990234375,3628110000
2015-11-20,2089.169921875,3929600000
2015-11-23,2086.590087890625,3587980000
2015-11-24,2089.139892578125,3884930000
2015-11-25,2088.8701171875,2852940000
2015-11-27,2090.110107421875,1466840000
2015-11-30,2080.409912109375,4275030000
2015-12-01,2102.6298828125,3712120000
2015-12-02,2079.510009765625,3950640000
2015-12-03,2049.6201171875,4306490000
2015-12-04,2091.68994140625,4214910000
2015-12-07,2077.070068359375,4043820000
2015-12-08,2063.590087890625,4173570000
2015-12-09,2047.6199951171875,4385250000
2015-12-10,2052.22998046875,3715150000
2015-12-11,2012.3699951171875,4301060000
2015-12-14,2021.93994140625,4612440000
2015-12-15,2043.4100341796875,4353540000
2015-12-16,2073.070068359375,4635450000
2015-12-17,2041.8900146484373,4327390000
2015-12-18,2005.550048828125,6683070000
2015-12-21,2021.1500244140625,3760280000
2015-12-22,2038.969970703125,3520860000
2015-12-23,2064.2900390625,3484090000
2015-12-24,2060.989990234375,1411860000
2015-12-28,2056.5,2492510000
2015-12-29,2078.360107421875,2542000000
2015-12-30,2063.360107421875,2367430000
2015-12-31,2043.93994140625,2655330000
2016-01-04,2012.6600341796875,4304880000
2016-01-05,2016.7099609375,3706620000
2016-01-06,1990.260009765625,4336660000
2016-01-07,1943.0899658203125,5076590000
2016-01-08,1922.030029296875,4664940000
2016-01-11,1923.6700439453125,4607290000
2016-01-12,1938.6800537109373,4887260000
2016-01-13,1890.280029296875,5087030000
2016-01-14,1921.8399658203125,5241110000
2016-01-15,1880.3299560546875,5468460000
2016-01-19,1881.3299560546875,4928350000
2016-01-20,1859.3299560546875,6416070000
2016-01-21,1868.989990234375,5078810000
2016-01-22,1906.9000244140625,4901760000
2016-01-25,1877.0799560546875,4401380000
2016-01-26,1903.6300048828125,4357940000
2016-01-27,1882.949951171875,4754040000
2016-01-28,1893.3599853515625,4693010000
2016-01-29,1940.239990234375,5497570000
2016-02-01,1939.3800048828125,4322530000
2016-02-02,1903.030029296875,4463190000
2016-02-03,1912.530029296875,5172950000
2016-02-04,1915.449951171875,5193320000
2016-02-05,1880.050048828125,4929940000
2016-02-08,1853.43994140625,5636460000
2016-02-09,1852.2099609375,5183220000
2016-02-10,1851.8599853515625,4471170000
2016-02-11,1829.0799560546875,5500800000
2016-02-12,1864.780029296875,4696920000
2016-02-16,1895.5799560546875,4570670000
2016-02-17,1926.8199462890625,5011540000
2016-02-18,1917.8299560546875,4436490000
2016-02-19,1917.780029296875,4142850000
2016-02-22,1945.5,4054710000
2016-02-23,1921.27001953125,3890650000
2016-02-24,1929.800048828125,4317250000
2016-02-25,1951.699951171875,4118210000
2016-02-26,1948.050048828125,4348510000
2016-02-29,1932.22998046875,4588180000
2016-03-01,1978.3499755859373,4819750000
2016-03-02,1986.449951171875,4666610000
2016-03-03,1993.4000244140625,5081700000
2016-03-04,1999.989990234375,6049930000
2016-03-07,2001.760009765625,4968180000
2016-03-08,1979.260009765625,4641650000
2016-03-09,1989.260009765625,4038120000
2016-03-10,1989.5699462890625,4376790000
2016-03-11,2022.18994140625,4078620000
2016-03-14,2019.6400146484373,3487850000
2016-03-15,2015.9300537109373,3560280000
2016-03-16,2027.219970703125,4057020000
2016-03-17,2040.5899658203125,4530480000
2016-03-18,2049.580078125,6503140000
2016-03-21,2051.60009765625,3376600000
2016-03-22,2049.800048828125,3418460000
2016-03-23,2036.7099609375,3639510000
2016-03-24,2035.93994140625,3407720000
2016-03-28,2037.050048828125,2809090000
2016-03-29,2055.010009765625,3822330000
2016-03-30,2063.949951171875,3590310000
2016-03-31,2059.739990234375,3715280000
2016-04-01,2072.780029296875,3749990000
2016-04-04,2066.1298828125,3485710000
2016-04-05,2045.1700439453125,4154920000
2016-04-06,2066.659912109375,3750800000
2016-04-07,2041.9100341796875,3801250000
2016-04-08,2047.5999755859373,3359530000
2016-04-11,2041.989990234375,3567840000
2016-04-12,2061.719970703125,4239740000
2016-04-13,2082.419921875,4191830000
2016-04-14,2082.780029296875,3765870000
2016-04-15,2080.72998046875,3701450000
2016-04-18,2094.340087890625,3316880000
2016-04-19,2100.800048828125,3896830000
2016-04-20,2102.39990234375,4184880000
2016-04-21,2091.47998046875,4175290000
2016-04-22,2091.580078125,3790580000
2016-04-25,2087.7900390625,3319740000
2016-04-26,2091.699951171875,3557190000
2016-04-27,2095.14990234375,4100110000
2016-04-28,2075.81005859375,4309840000
2016-04-29,2065.300048828125,4704720000
2016-05-02,2081.429931640625,3841110000
2016-05-03,2063.3701171875,4173390000
2016-05-04,2051.1201171875,4058560000
2016-05-05,2050.6298828125,4008530000
2016-05-06,2057.139892578125,3796350000
2016-05-09,2058.68994140625,3788620000
2016-05-10,2084.389892578125,3600200000
2016-05-11,2064.4599609375,3821980000
2016-05-12,2064.110107421875,3782390000
2016-05-13,2046.6099853515625,3579880000
2016-05-16,2066.659912109375,3501360000
2016-05-17,2047.2099609375,4108960000
2016-05-18,2047.6300048828125,4101320000
2016-05-19,2040.0400390625,3846770000
2016-05-20,2052.320068359375,3507650000
2016-05-23,2048.0400390625,3055480000
2016-05-24,2076.06005859375,3627340000
2016-05-25,2090.5400390625,3859160000
2016-05-26,2090.10009765625,3230990000
2016-05-27,2099.06005859375,3079150000
2016-05-31,2096.949951171875,4514410000
2016-06-01,2099.330078125,3525170000
2016-06-02,2105.260009765625,3632720000
2016-06-03,2099.1298828125,3627780000
2016-06-06,2109.409912109375,3442020000
2016-06-07,2112.1298828125,3534730000
2016-06-08,2119.1201171875,3562060000
2016-06-09,2115.47998046875,3290320000
2016-06-10,2096.070068359375,3515010000
2016-06-13,2079.06005859375,3392030000
2016-06-14,2075.320068359375,3759770000
2016-06-15,2071.5,3544720000
2016-06-16,2077.989990234375,3628280000
2016-06-17,2071.219970703125,4952630000
2016-06-20,2083.25,3467440000
2016-06-21,2088.89990234375,3232880000
2016-06-22,2085.449951171875,3168160000
2016-06-23,2113.320068359375,3297940000
2016-06-24,2037.4100341796875,7597450000
2016-06-27,2000.5400390625,5431220000
2016-06-28,2036.0899658203125,4385810000
2016-06-29,2070.77001953125,4241740000
2016-06-30,2098.860107421875,4622820000
2016-07-01,2102.949951171875,3458890000
2016-07-05,2088.550048828125,3658380000
2016-07-06,2099.72998046875,3909380000
2016-07-07,2097.89990234375,3604550000
2016-07-08,2129.89990234375,3607500000
2016-07-11,2137.159912109375,3253340000
2016-07-12,2152.139892578125,4097820000
2016-07-13,2152.429931640625,3502320000
2016-07-14,2163.75,3465610000
2016-07-15,2161.739990234375,3122600000
2016-07-18,2166.889892578125,3009310000
2016-07-19,2163.780029296875,2968340000
2016-07-20,2173.02001953125,3211860000
2016-07-21,2165.169921875,3438900000
2016-07-22,2175.030029296875,3023280000
2016-07-25,2168.47998046875,3057240000
2016-07-26,2169.179931640625,3442350000
2016-07-27,2166.580078125,3995500000
2016-07-28,2170.06005859375,3664240000
2016-07-29,2173.60009765625,4038840000
2016-08-01,2170.840087890625,3505990000
2016-08-02,2157.030029296875,3848750000
2016-08-03,2163.7900390625,3786530000
2016-08-04,2164.25,3709200000
2016-08-05,2182.8701171875,3663070000
2016-08-08,2180.889892578125,3327550000
2016-08-09,2181.739990234375,3334300000
2016-08-10,2175.489990234375,3254950000
2016-08-11,2185.7900390625,3423160000
2016-08-12,2184.050048828125,3000660000
2016-08-15,2190.14990234375,3078530000
2016-08-16,2178.14990234375,3196400000
2016-08-17,2182.219970703125,3388910000
2016-08-18,2187.02001953125,3300570000
2016-08-19,2183.8701171875,3084800000
2016-08-22,2182.639892578125,2777550000
2016-08-23,2186.89990234375,3041490000
2016-08-24,2175.43994140625,3148280000
2016-08-25,2172.469970703125,2969310000
2016-08-26,2169.0400390625,3342340000
2016-08-29,2180.3798828125,2654780000
2016-08-30,2176.1201171875,3006800000
2016-08-31,2170.949951171875,3766390000
2016-09-01,2170.860107421875,3392120000
2016-09-02,2179.97998046875,3091120000
2016-09-06,2186.47998046875,3447650000
2016-09-07,2186.159912109375,3319420000
2016-09-08,2181.300048828125,3727840000
2016-09-09,2127.81005859375,4233960000
2016-09-12,2159.0400390625,4010480000
2016-09-13,2127.02001953125,4141670000
2016-09-14,2125.77001953125,3664100000
2016-09-15,2147.260009765625,3373720000
2016-09-16,2139.159912109375,5014360000
2016-09-19,2139.1201171875,3141820000
2016-09-20,2139.760009765625,3117380000
2016-09-21,2163.1201171875,3685450000
2016-09-22,2177.179931640625,3523860000
2016-09-23,2164.68994140625,3289860000
2016-09-26,2146.10009765625,3199910000
2016-09-27,2159.929931640625,3414090000
2016-09-28,2171.3701171875,3860390000
2016-09-29,2151.1298828125,4215620000
2016-09-30,2168.27001953125,4158800000
2016-10-03,2161.199951171875,3113850000
2016-10-04,2150.489990234375,3716100000
2016-10-05,2159.72998046875,3883710000
2016-10-06,2160.77001953125,3438040000
2016-10-07,2153.739990234375,3578770000
2016-10-10,2163.659912109375,2881970000
2016-10-11,2136.72998046875,3393060000
2016-10-12,2139.179931640625,2959510000
2016-10-13,2132.550048828125,3538030000
2016-10-14,2132.97998046875,3187910000
2016-10-17,2126.5,2832440000
2016-10-18,2139.60009765625,3172940000
2016-10-19,2144.2900390625,3364990000
2016-10-20,2141.340087890625,3339320000
2016-10-21,2141.159912109375,3456390000
2016-10-24,2151.330078125,3359950000
2016-10-25,2143.159912109375,3756200000
2016-10-26,2139.429931640625,3778120000
2016-10-27,2133.0400390625,4209400000
2016-10-28,2126.409912109375,4028270000
2016-10-31,2126.14990234375,3926560000
2016-11-01,2111.719970703125,4539190000
2016-11-02,2097.93994140625,4289120000
2016-11-03,2088.659912109375,3892100000
2016-11-04,2085.179931640625,3841910000
2016-11-07,2131.52001953125,3739720000
2016-11-08,2139.56005859375,3921850000
2016-11-09,2163.260009765625,6267590000
2016-11-10,2167.47998046875,6458450000
2016-11-11,2164.449951171875,4993990000
2016-11-14,2164.199951171875,5373670000
2016-11-15,2180.389892578125,4548110000
2016-11-16,2176.93994140625,3847900000
2016-11-17,2187.1201171875,3811730000
2016-11-18,2181.89990234375,3580900000
2016-11-21,2198.179931640625,3611500000
2016-11-22,2202.93994140625,3960520000
2016-11-23,2204.719970703125,3419850000
2016-11-25,2213.35009765625,1584590000
2016-11-28,2201.719970703125,3515100000
2016-11-29,2204.659912109375,3709190000
2016-11-30,2198.81005859375,5538400000
2016-12-01,2191.080078125,5067470000
2016-12-02,2191.949951171875,3782370000
2016-12-05,2204.7099609375,3898530000
2016-12-06,2212.22998046875,3857290000
2016-12-07,2241.35009765625,4504070000
2016-12-08,2246.18994140625,4203270000
2016-12-09,2259.530029296875,3886460000
2016-12-12,2256.9599609375,4038850000
2016-12-13,2271.719970703125,3875630000
2016-12-14,2253.280029296875,4409670000
2016-12-15,2262.030029296875,4173360000
2016-12-16,2258.070068359375,5928980000
2016-12-19,2262.530029296875,3252840000
2016-12-20,2270.760009765625,3306250000
2016-12-21,2265.179931640625,2854880000
2016-12-22,2260.9599609375,2880670000
2016-12-23,2263.7900390625,2021230000
2016-12-27,2268.8798828125,1989730000
2016-12-28,2249.919921875,2402750000
2016-12-29,2249.260009765625,2338700000
2016-12-30,2238.830078125,2671550000
2017-01-03,2257.830078125,3773010000
2017-01-04,2270.75,3768890000
2017-01-05,2269.0,3785080000
2017-01-06,2276.97998046875,3342080000
2017-01-09,2268.89990234375,3219730000
2017-01-10,2268.89990234375,3640560000
2017-01-11,2275.320068359375,3625080000
2017-01-12,2270.43994140625,3466220000
2017-01-13,2274.639892578125,3090680000
2017-01-17,2267.889892578125,3586950000
2017-01-18,2271.889892578125,3317670000
2017-01-19,2263.68994140625,3168390000
2017-01-20,2271.31005859375,3536850000
2017-01-23,2265.199951171875,3155240000
2017-01-24,2280.070068359375,3816950000
2017-01-25,2298.3701171875,3849340000
2017-01-26,2296.679931640625,3611510000
2017-01-27,2294.68994140625,3137420000
2017-01-30,2280.89990234375,3595040000
2017-01-31,2278.8701171875,4089730000
2017-02-01,2279.550048828125,3919190000
2017-02-02,2280.85009765625,3809760000
2017-02-03,2297.419921875,3605970000
2017-02-06,2292.56005859375,3112390000
2017-02-07,2293.080078125,3452460000
2017-02-08,2294.669921875,3611950000
2017-02-09,2307.8701171875,3681600000
2017-02-10,2316.10009765625,3496600000
2017-02-13,2328.25,3352370000
2017-02-14,2337.580078125,3528040000
2017-02-15,2349.25,3785870000
2017-02-16,2347.219970703125,3675900000
2017-02-17,2351.159912109375,3516830000
2017-02-21,2365.3798828125,3587520000
2017-02-22,2362.820068359375,3473170000
2017-02-23,2363.81005859375,4021770000
2017-02-24,2367.340087890625,3832410000
2017-02-27,2369.75,3584680000
2017-02-28,2363.639892578125,4212460000
2017-03-01,2395.9599609375,4347630000
2017-03-02,2381.919921875,3824030000
2017-03-03,2383.1201171875,3556670000
2017-03-06,2375.31005859375,3251800000
2017-03-07,2368.389892578125,3526300000
2017-03-08,2362.97998046875,3814080000
2017-03-09,2364.8701171875,3718450000
2017-03-10,2372.60009765625,3434400000
2017-03-13,2373.469970703125,3166650000
2017-03-14,2365.449951171875,3173760000
2017-03-15,2385.260009765625,3909490000
2017-03-16,2381.3798828125,3368880000
2017-03-17,2378.25,5179820000
2017-03-20,2373.469970703125,3061560000
2017-03-21,2344.02001953125,4278890000
2017-03-22,2348.449951171875,3575160000
2017-03-23,2345.9599609375,3262400000
2017-03-24,2343.97998046875,2978530000
2017-03-27,2341.590087890625,3242300000
2017-03-28,2358.570068359375,3369120000
2017-03-29,2361.1298828125,3107670000
2017-03-30,2368.06005859375,3159680000
2017-03-31,2362.719970703125,3356740000
2017-04-03,2358.840087890625,3418730000
2017-04-04,2360.159912109375,3208340000
2017-04-05,2352.949951171875,3780650000
2017-04-06,2357.489990234375,3203250000
2017-04-07,2355.5400390625,3054700000
2017-04-10,2357.159912109375,2792570000
2017-04-11,2353.780029296875,3120900000
2017-04-12,2344.929931640625,3201300000
2017-04-13,2328.949951171875,3146380000
2017-04-17,2349.010009765625,2826890000
2017-04-18,2342.18994140625,3272210000
2017-04-19,2338.169921875,3521160000
2017-04-20,2355.840087890625,3648990000
2017-04-21,2348.68994140625,3524160000
2017-04-24,2374.14990234375,3711170000
2017-04-25,2388.610107421875,4005820000
2017-04-26,2387.449951171875,4111350000
2017-04-27,2388.77001953125,4099940000
2017-04-28,2384.199951171875,3721350000
2017-05-01,2388.330078125,3201500000
2017-05-02,2391.169921875,3861360000
2017-05-03,2388.1298828125,3896760000
2017-05-04,2389.52001953125,4367860000
2017-05-05,2399.2900390625,3543240000
2017-05-08,2399.3798828125,3429990000
2017-05-09,2396.919921875,3657840000
2017-05-10,2399.6298828125,3649370000
2017-05-11,2394.43994140625,3727710000
2017-05-12,2390.89990234375,3304620000
2017-05-15,2402.320068359375,3490080000
2017-05-16,2400.669921875,3421810000
2017-05-17,2357.030029296875,4164760000
2017-05-18,2365.719970703125,4319440000
2017-05-19,2381.72998046875,3831700000
2017-05-22,2394.02001953125,3176580000
2017-05-23,2398.419921875,3216560000
2017-05-24,2404.389892578125,3389240000
2017-05-25,2415.070068359375,3538210000
2017-05-26,2415.820068359375,2806930000
2017-05-30,2412.909912109375,3205860000
2017-05-31,2411.800048828125,4518040000
2017-06-01,2430.06005859375,3860620000
2017-06-02,2439.070068359375,3465500000
2017-06-05,2436.10009765625,2916720000
2017-06-06,2429.330078125,3376750000
2017-06-07,2433.139892578125,3576220000
2017-06-08,2433.7900390625,3735980000
2017-06-09,2431.77001953125,4029860000
2017-06-12,2429.389892578125,4031840000
2017-06-13,2440.35009765625,3278240000
2017-06-14,2437.919921875,3558640000
2017-06-15,2432.4599609375,3371980000
2017-06-16,2433.14990234375,5299380000
2017-06-19,2453.4599609375,3271480000
2017-06-20,2437.030029296875,3422700000
2017-06-21,2435.610107421875,3599190000
2017-06-22,2434.5,3477250000
2017-06-23,2438.300048828125,5282460000
2017-06-26,2439.070068359375,3243660000
2017-06-27,2419.3798828125,3564770000
2017-06-28,2440.68994140625,3479980000
2017-06-29,2419.699951171875,3869560000
2017-06-30,2423.409912109375,3366030000
2017-07-03,2429.010009765625,1901480000
2017-07-05,2432.5400390625,3368150000
2017-07-06,2409.75,3368710000
2017-07-07,2425.179931640625,2929390000
2017-07-10,2427.429931640625,3009880000
2017-07-11,2425.530029296875,3108800000
2017-07-12,2443.25,3176900000
2017-07-13,2447.830078125,3068510000
2017-07-14,2459.27001953125,2738460000
2017-07-17,2459.139892578125,2800580000
2017-07-18,2460.610107421875,2974090000
2017-07-19,2473.830078125,3063810000
2017-07-20,2473.449951171875,3223820000
2017-07-21,2472.5400390625,3066880000
2017-07-24,2469.909912109375,3019920000
2017-07-25,2477.1298828125,4116360000
2017-07-26,2477.830078125,3597830000
2017-07-27,2475.419921875,4035740000
2017-07-28,2472.10009765625,3302850000
2017-07-31,2470.300048828125,3475930000
2017-08-01,2476.35009765625,3470260000
2017-08-02,2477.570068359375,3487150000
2017-08-03,2472.159912109375,3662410000
2017-08-04,2476.830078125,3239980000
2017-08-07,2480.909912109375,2935130000
2017-08-08,2474.919921875,3347480000
2017-08-09,2474.02001953125,3310960000
2017-08-10,2438.2099609375,3635820000
2017-08-11,2441.320068359375,3161830000
2017-08-14,2465.840087890625,2824320000
2017-08-15,2464.610107421875,2922430000
2017-08-16,2468.110107421875,2956570000
2017-08-17,2430.010009765625,3164950000
2017-08-18,2425.550048828125,3426970000
2017-08-21,2428.3701171875,2803650000
2017-08-22,2452.510009765625,2780990000
2017-08-23,2444.0400390625,2796950000
2017-08-24,2438.969970703125,2849680000
2017-08-25,2443.050048828125,2593350000
2017-08-28,2444.239990234375,2682920000
2017-08-29,2446.300048828125,2739460000
2017-08-30,2457.590087890625,2637780000
2017-08-31,2471.64990234375,3353860000
2017-09-01,2476.550048828125,2712780000
2017-09-05,2457.85009765625,3502190000
2017-09-06,2465.5400390625,3400200000
2017-09-07,2465.10009765625,3365780000
2017-09-08,2461.429931640625,3308360000
2017-09-11,2488.110107421875,3293460000
2017-09-12,2496.47998046875,3234280000
2017-09-13,2498.3701171875,3371370000
2017-09-14,2495.6201171875,3422470000
2017-09-15,2500.22998046875,4862970000
2017-09-18,2503.8701171875,3204700000
2017-09-19,2506.64990234375,3253760000
2017-09-20,2508.239990234375,3584570000
2017-09-21,2500.60009765625,2965590000
2017-09-22,2502.219970703125,2877980000
2017-09-25,2496.659912109375,3314530000
2017-09-26,2496.840087890625,3070770000
2017-09-27,2507.0400390625,3485070000
2017-09-28,2510.06005859375,3173030000
2017-09-29,2519.360107421875,3220260000
2017-10-02,2529.1201171875,3226370000
2017-10-03,2534.580078125,3073480000
2017-10-04,2537.739990234375,3020770000
2017-10-05,2552.070068359375,3059730000
2017-10-06,2549.330078125,2898270000
2017-10-09,2544.72998046875,2486940000
2017-10-10,2550.639892578125,2962610000
2017-10-11,2555.239990234375,2991320000
2017-10-12,2550.929931640625,3157280000
2017-10-13,2553.169921875,3150470000
2017-10-16,2557.639892578125,2918030000
2017-10-17,2559.360107421875,2901890000
2017-10-18,2561.260009765625,2999320000
2017-10-19,2562.10009765625,3019520000
2017-10-20,2575.2099609375,3394450000
2017-10-23,2564.97998046875,3214470000
2017-10-24,2569.1298828125,3435660000
2017-10-25,2557.14990234375,3885470000
2017-10-26,2560.39990234375,3891750000
2017-10-27,2581.070068359375,3896100000
2017-10-30,2572.830078125,3660230000
2017-10-31,2575.260009765625,3844420000
2017-11-01,2579.360107421875,3841200000
2017-11-02,2579.85009765625,4050140000
2017-11-03,2587.840087890625,3568710000
2017-11-06,2591.1298828125,3541970000
2017-11-07,2590.639892578125,3815190000
2017-11-08,2594.3798828125,3898450000
2017-11-09,2584.6201171875,3844100000
2017-11-10,2582.300048828125,3489740000
2017-11-13,2584.840087890625,3405200000
2017-11-14,2578.8701171875,3643580000
2017-11-15,2564.6201171875,3586590000
2017-11-16,2585.639892578125,3329730000
2017-11-17,2578.85009765625,3309800000
2017-11-20,2582.139892578125,3023940000
2017-11-21,2599.030029296875,3351230000
2017-11-22,2597.080078125,2764110000
2017-11-24,2602.419921875,1385890000
2017-11-27,2601.419921875,3017720000
2017-11-28,2627.0400390625,3493340000
2017-11-29,2626.070068359375,4090630000
2017-11-30,2647.580078125,4965700000
2017-12-01,2642.219970703125,3950930000
2017-12-04,2639.43994140625,4025840000
2017-12-05,2629.570068359375,3547570000
2017-12-06,2629.27001953125,3253080000
2017-12-07,2636.97998046875,3297060000
2017-12-08,2651.5,3126750000
2017-12-11,2659.989990234375,3141480000
2017-12-12,2664.110107421875,3568910000
2017-12-13,2662.85009765625,3568360000
2017-12-14,2652.010009765625,3442760000
2017-12-15,2675.81005859375,5736910000
2017-12-18,2690.159912109375,3727770000
2017-12-19,2681.469970703125,3407680000
2017-12-20,2679.25,3246230000
2017-12-21,2684.570068359375,3293130000
2017-12-22,2683.340087890625,2401030000
2017-12-26,2680.5,1970660000
2017-12-27,2682.6201171875,2202900000
2017-12-28,2687.5400390625,2174890000
2017-12-29,2673.610107421875,2447760000
2018-01-02,2695.81005859375,3397430000
2018-01-03,2713.06005859375,3544030000
2018-01-04,2723.989990234375,3697340000
2018-01-05,2743.14990234375,3239280000
2018-01-08,2747.7099609375,3246160000
2018-01-09,2751.2900390625,3467460000
2018-01-10,2748.22998046875,3579900000
2018-01-11,2767.56005859375,3645690000
2018-01-12,2786.239990234375,3587220000
2018-01-16,2776.419921875,4362880000
2018-01-17,2802.56005859375,3790340000
2018-01-18,2798.030029296875,3703300000
2018-01-19,2810.300048828125,3724230000
2018-01-22,2832.969970703125,3489480000
2018-01-23,2839.1298828125,3541140000
2018-01-24,2837.5400390625,4079270000
2018-01-25,2839.25,3873100000
2018-01-26,2872.8701171875,3474680000
2018-01-29,2853.530029296875,3587420000
2018-01-30,2822.429931640625,4012070000
2018-01-31,2823.81005859375,4276270000
2018-02-01,2821.97998046875,3977380000
2018-02-02,2762.1298828125,4340220000
2018-02-05,2648.93994140625,5310840000
2018-02-06,2695.139892578125,5917350000
2018-02-07,2681.659912109375,4646300000
2018-02-08,2581.0,5333840000
2018-02-09,2619.550048828125,5690110000
2018-02-12,2656.0,4069220000
2018-02-13,2662.93994140625,3503540000
2018-02-14,2698.6298828125,4011940000
2018-02-15,2731.199951171875,3696140000
2018-02-16,2732.219970703125,3646920000
2018-02-20,2716.260009765625,3646920000
2018-02-21,2701.330078125,3789040000
2018-02-22,2703.9599609375,3720620000
2018-02-23,2747.300048828125,3200360000
2018-02-26,2779.60009765625,3436590000
2018-02-27,2744.280029296875,3752070000
2018-02-28,2713.830078125,4244570000
2018-03-01,2677.669921875,4514490000
2018-03-02,2691.25,3891250000
2018-03-05,2720.93994140625,3733640000
2018-03-06,2728.1201171875,3389030000
2018-03-07,2726.800048828125,3406690000
2018-03-08,2738.969970703125,3206040000
2018-03-09,2786.570068359375,3376870000
2018-03-12,2783.02001953125,3216960000
2018-03-13,2765.31005859375,3324290000
2018-03-14,2749.47998046875,3394630000
2018-03-15,2747.330078125,3543710000
2018-03-16,2752.010009765625,5429140000
2018-03-19,2712.919921875,3327460000
2018-03-20,2716.93994140625,3272590000
2018-03-21,2711.929931640625,3434780000
2018-03-22,2643.68994140625,3765460000
2018-03-23,2588.260009765625,3829380000
2018-03-26,2658.550048828125,3538080000
2018-03-27,2612.6201171875,3761320000
2018-03-28,2605.0,3875720000
2018-03-29,2640.8701171875,3572360000
2018-04-02,2581.8798828125,3635780000
2018-04-03,2614.449951171875,3395840000
2018-04-04,2644.68994140625,3369230000
2018-04-05,2662.840087890625,3230430000
2018-04-06,2604.469970703125,3312390000
2018-04-09,2613.159912109375,3076140000
2018-04-10,2656.8701171875,3579130000
2018-04-11,2642.18994140625,3054520000
2018-04-12,2663.989990234375,3045330000
2018-04-13,2656.300048828125,2988540000
2018-04-16,2677.840087890625,3020740000
2018-04-17,2706.389892578125,3286190000
2018-04-18,2708.639892578125,3412030000
2018-04-19,2693.1298828125,3375120000
2018-04-20,2670.139892578125,3428260000